<?xml version="1.0" encoding="UTF-8"?>
<project-private xmlns="http://www.netbeans.org/ns/project-private/1">
    <editor-bookmarks xmlns="http://www.netbeans.org/ns/editor-bookmarks/2" lastBookmarkId="2">
        <file>
            <url>web/js/index.jsp</url>
            <bookmark id="2">
                <name/>
                <line>171</line>
                <key/>
            </bookmark>
        </file>
        <file>
            <url>web/js/view_vehiclediag.jsp</url>
            <bookmark id="1">
                <name/>
                <line>122</line>
                <key/>
            </bookmark>
        </file>
    </editor-bookmarks>
    <open-files xmlns="http://www.netbeans.org/ns/projectui-open-files/2">
        <group>
            <file>file:/C:/Users/Anant%20Sinha/Documents/NetBeansProjects/TelematicsServer/web/js/index.jsp</file>
        </group>
    </open-files>
</project-private>
