{
  "project_info": {
    "project_number": "1068808859207",
    "firebase_url": "https://telematicsapp2.firebaseio.com",
    "project_id": "telematicsapp2",
    "storage_bucket": "telematicsapp2.appspot.com"
  },
  "client": [
    {
      "client_info": {
        "mobilesdk_app_id": "1:1068808859207:android:f1aebe5f9fd5b76a58cb62",
        "android_client_info": {
          "package_name": "com.example.telematicsapp"
        }
      },
      "oauth_client": [
        {
          "client_id": "1068808859207-roituc27hkils0jlmv9k1jvuuuddmp3d.apps.googleusercontent.com",
          "client_type": 1,
          "android_info": {
            "package_name": "com.example.telematicsapp",
            "certificate_hash": "92d3370e170c7c41ff94de9fb61397ded5a14296"
          }
        },
        {
          "client_id": "1068808859207-hdd81cgirm1m385mfm1vun36mbp6bl3r.apps.googleusercontent.com",
          "client_type": 3
        }
      ],
      "api_key": [
        {
          "current_key": "AIzaSyAsP9bGwzlVYGD_wnu3WYwzlCT00Rirbtc"
        }
      ],
      "services": {
        "appinvite_service": {
          "other_platform_oauth_client": [
            {
              "client_id": "1068808859207-hdd81cgirm1m385mfm1vun36mbp6bl3r.apps.googleusercontent.com",
              "client_type": 3
            }
          ]
        }
      }
    }
  ],
  "configuration_version": "1"
}